"","detailUrl","jobTitle","company","location","date","Salary From","Salary To","Id","Skill","Count"
"1","https://www.seek.com.au/job/33028220","Data Scientist","Charterhouse","Melbourne","2017-03-15T04:01:41Z","NA","NA",1,"Python",1
"2","https://www.seek.com.au/job/33028220","Data Scientist","Charterhouse","Melbourne","2017-03-15T04:01:41Z","NA","NA",2,"programming",0
"3","https://www.seek.com.au/job/33028220","Data Scientist","Charterhouse","Melbourne","2017-03-15T04:01:41Z","NA","NA",3,"analytics",2
"4","https://www.seek.com.au/job/33028220","Data Scientist","Charterhouse","Melbourne","2017-03-15T04:01:41Z","NA","NA",4,"mathematics",0
"5","https://www.seek.com.au/job/33028220","Data Scientist","Charterhouse","Melbourne","2017-03-15T04:01:41Z","NA","NA",5,"machine learning",1
"6","https://www.seek.com.au/job/33028220","Data Scientist","Charterhouse","Melbourne","2017-03-15T04:01:41Z","NA","NA",6,"team",2
"7","https://www.seek.com.au/job/33028220","Data Scientist","Charterhouse","Melbourne","2017-03-15T04:01:41Z","NA","NA",7,"Cooperation",0
"8","https://www.seek.com.au/job/33028220","Data Scientist","Charterhouse","Melbourne","2017-03-15T04:01:41Z","NA","NA",8,"statistics",0
"9","https://www.seek.com.au/job/33028220","Data Scientist","Charterhouse","Melbourne","2017-03-15T04:01:41Z","NA","NA",9,"SQL",0
"10","https://www.seek.com.au/job/33028220","Data Scientist","Charterhouse","Melbourne","2017-03-15T04:01:41Z","NA","NA",10,"communication",1
"11","https://www.seek.com.au/job/33028220","Data Scientist","Charterhouse","Melbourne","2017-03-15T04:01:41Z","NA","NA",11,"big data",0
"12","https://www.seek.com.au/job/33028220","Data Scientist","Charterhouse","Melbourne","2017-03-15T04:01:41Z","NA","NA",12,"design",0
"13","https://www.seek.com.au/job/33028220","Data Scientist","Charterhouse","Melbourne","2017-03-15T04:01:41Z","NA","NA",13,"visualization",0
"14","https://www.seek.com.au/job/33028220","Data Scientist","Charterhouse","Melbourne","2017-03-15T04:01:41Z","NA","NA",14,"Hadoop",1
"15","https://www.seek.com.au/job/33028220","Data Scientist","Charterhouse","Melbourne","2017-03-15T04:01:41Z","NA","NA",15,"Java",0
"16","https://www.seek.com.au/job/33028220","Data Scientist","Charterhouse","Melbourne","2017-03-15T04:01:41Z","NA","NA",16,"research",0
"17","https://www.seek.com.au/job/33028220","Data Scientist","Charterhouse","Melbourne","2017-03-15T04:01:41Z","NA","NA",17,"creative",0
"18","https://www.seek.com.au/job/33028220","Data Scientist","Charterhouse","Melbourne","2017-03-15T04:01:41Z","NA","NA",18,"MATLAB",0
"19","https://www.seek.com.au/job/33028220","Data Scientist","Charterhouse","Melbourne","2017-03-15T04:01:41Z","NA","NA",19,"SAS",0
"20","https://www.seek.com.au/job/33028220","Data Scientist","Charterhouse","Melbourne","2017-03-15T04:01:41Z","NA","NA",20," R ",0
"21","https://www.seek.com.au/job/33028220","Data Scientist","Charterhouse","Melbourne","2017-03-15T04:01:41Z","NA","NA",21,"Modelling",0
"22","https://www.seek.com.au/job/33028220","Data Scientist","Charterhouse","Melbourne","2017-03-15T04:01:41Z","NA","NA",22,"Phd",0
"23","https://www.seek.com.au/job/33021982","Data Scientist","TicToc Online Pty Ltd","Adelaide","2017-03-14T13:01:54Z","NA","NA",23,"Python",0
"24","https://www.seek.com.au/job/33021982","Data Scientist","TicToc Online Pty Ltd","Adelaide","2017-03-14T13:01:54Z","NA","NA",24,"programming",0
"25","https://www.seek.com.au/job/33021982","Data Scientist","TicToc Online Pty Ltd","Adelaide","2017-03-14T13:01:54Z","NA","NA",25,"analytics",3
"26","https://www.seek.com.au/job/33021982","Data Scientist","TicToc Online Pty Ltd","Adelaide","2017-03-14T13:01:54Z","NA","NA",26,"mathematics",1
"27","https://www.seek.com.au/job/33021982","Data Scientist","TicToc Online Pty Ltd","Adelaide","2017-03-14T13:01:54Z","NA","NA",27,"machine learning",0
"28","https://www.seek.com.au/job/33021982","Data Scientist","TicToc Online Pty Ltd","Adelaide","2017-03-14T13:01:54Z","NA","NA",28,"team",0
"29","https://www.seek.com.au/job/33021982","Data Scientist","TicToc Online Pty Ltd","Adelaide","2017-03-14T13:01:54Z","NA","NA",29,"Cooperation",0
"30","https://www.seek.com.au/job/33021982","Data Scientist","TicToc Online Pty Ltd","Adelaide","2017-03-14T13:01:54Z","NA","NA",30,"statistics",0
"31","https://www.seek.com.au/job/33021982","Data Scientist","TicToc Online Pty Ltd","Adelaide","2017-03-14T13:01:54Z","NA","NA",31,"SQL",0
"32","https://www.seek.com.au/job/33021982","Data Scientist","TicToc Online Pty Ltd","Adelaide","2017-03-14T13:01:54Z","NA","NA",32,"communication",2
"33","https://www.seek.com.au/job/33021982","Data Scientist","TicToc Online Pty Ltd","Adelaide","2017-03-14T13:01:54Z","NA","NA",33,"big data",0
"34","https://www.seek.com.au/job/33021982","Data Scientist","TicToc Online Pty Ltd","Adelaide","2017-03-14T13:01:54Z","NA","NA",34,"design",0
"35","https://www.seek.com.au/job/33021982","Data Scientist","TicToc Online Pty Ltd","Adelaide","2017-03-14T13:01:54Z","NA","NA",35,"visualization",0
"36","https://www.seek.com.au/job/33021982","Data Scientist","TicToc Online Pty Ltd","Adelaide","2017-03-14T13:01:54Z","NA","NA",36,"Hadoop",0
"37","https://www.seek.com.au/job/33021982","Data Scientist","TicToc Online Pty Ltd","Adelaide","2017-03-14T13:01:54Z","NA","NA",37,"Java",0
"38","https://www.seek.com.au/job/33021982","Data Scientist","TicToc Online Pty Ltd","Adelaide","2017-03-14T13:01:54Z","NA","NA",38,"research",2
"39","https://www.seek.com.au/job/33021982","Data Scientist","TicToc Online Pty Ltd","Adelaide","2017-03-14T13:01:54Z","NA","NA",39,"creative",1
"40","https://www.seek.com.au/job/33021982","Data Scientist","TicToc Online Pty Ltd","Adelaide","2017-03-14T13:01:54Z","NA","NA",40,"MATLAB",0
"41","https://www.seek.com.au/job/33021982","Data Scientist","TicToc Online Pty Ltd","Adelaide","2017-03-14T13:01:54Z","NA","NA",41,"SAS",0
"42","https://www.seek.com.au/job/33021982","Data Scientist","TicToc Online Pty Ltd","Adelaide","2017-03-14T13:01:54Z","NA","NA",42," R ",0
"43","https://www.seek.com.au/job/33021982","Data Scientist","TicToc Online Pty Ltd","Adelaide","2017-03-14T13:01:54Z","NA","NA",43,"Modelling",0
"44","https://www.seek.com.au/job/33021982","Data Scientist","TicToc Online Pty Ltd","Adelaide","2017-03-14T13:01:54Z","NA","NA",44,"Phd",0
"45","https://www.seek.com.au/job/33013551","Data Scientist | Brisbane Based","Bluefin Resources Pty Limited","Brisbane","2017-03-13T22:35:35Z","NA","NA",45,"Python",2
"46","https://www.seek.com.au/job/33013551","Data Scientist | Brisbane Based","Bluefin Resources Pty Limited","Brisbane","2017-03-13T22:35:35Z","NA","NA",46,"programming",0
"47","https://www.seek.com.au/job/33013551","Data Scientist | Brisbane Based","Bluefin Resources Pty Limited","Brisbane","2017-03-13T22:35:35Z","NA","NA",47,"analytics",6
"48","https://www.seek.com.au/job/33013551","Data Scientist | Brisbane Based","Bluefin Resources Pty Limited","Brisbane","2017-03-13T22:35:35Z","NA","NA",48,"mathematics",0
"49","https://www.seek.com.au/job/33013551","Data Scientist | Brisbane Based","Bluefin Resources Pty Limited","Brisbane","2017-03-13T22:35:35Z","NA","NA",49,"machine learning",1
"50","https://www.seek.com.au/job/33013551","Data Scientist | Brisbane Based","Bluefin Resources Pty Limited","Brisbane","2017-03-13T22:35:35Z","NA","NA",50,"team",3
"51","https://www.seek.com.au/job/33013551","Data Scientist | Brisbane Based","Bluefin Resources Pty Limited","Brisbane","2017-03-13T22:35:35Z","NA","NA",51,"Cooperation",0
"52","https://www.seek.com.au/job/33013551","Data Scientist | Brisbane Based","Bluefin Resources Pty Limited","Brisbane","2017-03-13T22:35:35Z","NA","NA",52,"statistics",0
"53","https://www.seek.com.au/job/33013551","Data Scientist | Brisbane Based","Bluefin Resources Pty Limited","Brisbane","2017-03-13T22:35:35Z","NA","NA",53,"SQL",2
"54","https://www.seek.com.au/job/33013551","Data Scientist | Brisbane Based","Bluefin Resources Pty Limited","Brisbane","2017-03-13T22:35:35Z","NA","NA",54,"communication",1
"55","https://www.seek.com.au/job/33013551","Data Scientist | Brisbane Based","Bluefin Resources Pty Limited","Brisbane","2017-03-13T22:35:35Z","NA","NA",55,"big data",0
"56","https://www.seek.com.au/job/33013551","Data Scientist | Brisbane Based","Bluefin Resources Pty Limited","Brisbane","2017-03-13T22:35:35Z","NA","NA",56,"design",0
"57","https://www.seek.com.au/job/33013551","Data Scientist | Brisbane Based","Bluefin Resources Pty Limited","Brisbane","2017-03-13T22:35:35Z","NA","NA",57,"visualization",0
"58","https://www.seek.com.au/job/33013551","Data Scientist | Brisbane Based","Bluefin Resources Pty Limited","Brisbane","2017-03-13T22:35:35Z","NA","NA",58,"Hadoop",0
"59","https://www.seek.com.au/job/33013551","Data Scientist | Brisbane Based","Bluefin Resources Pty Limited","Brisbane","2017-03-13T22:35:35Z","NA","NA",59,"Java",0
"60","https://www.seek.com.au/job/33013551","Data Scientist | Brisbane Based","Bluefin Resources Pty Limited","Brisbane","2017-03-13T22:35:35Z","NA","NA",60,"research",0
"61","https://www.seek.com.au/job/33013551","Data Scientist | Brisbane Based","Bluefin Resources Pty Limited","Brisbane","2017-03-13T22:35:35Z","NA","NA",61,"creative",0
"62","https://www.seek.com.au/job/33013551","Data Scientist | Brisbane Based","Bluefin Resources Pty Limited","Brisbane","2017-03-13T22:35:35Z","NA","NA",62,"MATLAB",0
"63","https://www.seek.com.au/job/33013551","Data Scientist | Brisbane Based","Bluefin Resources Pty Limited","Brisbane","2017-03-13T22:35:35Z","NA","NA",63,"SAS",1
"64","https://www.seek.com.au/job/33013551","Data Scientist | Brisbane Based","Bluefin Resources Pty Limited","Brisbane","2017-03-13T22:35:35Z","NA","NA",64," R ",0
"65","https://www.seek.com.au/job/33013551","Data Scientist | Brisbane Based","Bluefin Resources Pty Limited","Brisbane","2017-03-13T22:35:35Z","NA","NA",65,"Modelling",0
"66","https://www.seek.com.au/job/33013551","Data Scientist | Brisbane Based","Bluefin Resources Pty Limited","Brisbane","2017-03-13T22:35:35Z","NA","NA",66,"Phd",0
"67","https://www.seek.com.au/job/32849000","Senior Data Scientist - Python - Scikit - AI - Machine Learning -Top Tier Client","Tardis Group","Sydney","2017-03-13T22:58:14Z","NA","NA",67,"Python",5
"68","https://www.seek.com.au/job/32849000","Senior Data Scientist - Python - Scikit - AI - Machine Learning -Top Tier Client","Tardis Group","Sydney","2017-03-13T22:58:14Z","NA","NA",68,"programming",0
"69","https://www.seek.com.au/job/32849000","Senior Data Scientist - Python - Scikit - AI - Machine Learning -Top Tier Client","Tardis Group","Sydney","2017-03-13T22:58:14Z","NA","NA",69,"analytics",2
"70","https://www.seek.com.au/job/32849000","Senior Data Scientist - Python - Scikit - AI - Machine Learning -Top Tier Client","Tardis Group","Sydney","2017-03-13T22:58:14Z","NA","NA",70,"mathematics",0
"71","https://www.seek.com.au/job/32849000","Senior Data Scientist - Python - Scikit - AI - Machine Learning -Top Tier Client","Tardis Group","Sydney","2017-03-13T22:58:14Z","NA","NA",71,"machine learning",0
"72","https://www.seek.com.au/job/32849000","Senior Data Scientist - Python - Scikit - AI - Machine Learning -Top Tier Client","Tardis Group","Sydney","2017-03-13T22:58:14Z","NA","NA",72,"team",3
"73","https://www.seek.com.au/job/32849000","Senior Data Scientist - Python - Scikit - AI - Machine Learning -Top Tier Client","Tardis Group","Sydney","2017-03-13T22:58:14Z","NA","NA",73,"Cooperation",0
"74","https://www.seek.com.au/job/32849000","Senior Data Scientist - Python - Scikit - AI - Machine Learning -Top Tier Client","Tardis Group","Sydney","2017-03-13T22:58:14Z","NA","NA",74,"statistics",0
"75","https://www.seek.com.au/job/32849000","Senior Data Scientist - Python - Scikit - AI - Machine Learning -Top Tier Client","Tardis Group","Sydney","2017-03-13T22:58:14Z","NA","NA",75,"SQL",0
"76","https://www.seek.com.au/job/32849000","Senior Data Scientist - Python - Scikit - AI - Machine Learning -Top Tier Client","Tardis Group","Sydney","2017-03-13T22:58:14Z","NA","NA",76,"communication",1
"77","https://www.seek.com.au/job/32849000","Senior Data Scientist - Python - Scikit - AI - Machine Learning -Top Tier Client","Tardis Group","Sydney","2017-03-13T22:58:14Z","NA","NA",77,"big data",0
"78","https://www.seek.com.au/job/32849000","Senior Data Scientist - Python - Scikit - AI - Machine Learning -Top Tier Client","Tardis Group","Sydney","2017-03-13T22:58:14Z","NA","NA",78,"design",0
"79","https://www.seek.com.au/job/32849000","Senior Data Scientist - Python - Scikit - AI - Machine Learning -Top Tier Client","Tardis Group","Sydney","2017-03-13T22:58:14Z","NA","NA",79,"visualization",0
"80","https://www.seek.com.au/job/32849000","Senior Data Scientist - Python - Scikit - AI - Machine Learning -Top Tier Client","Tardis Group","Sydney","2017-03-13T22:58:14Z","NA","NA",80,"Hadoop",0
"81","https://www.seek.com.au/job/32849000","Senior Data Scientist - Python - Scikit - AI - Machine Learning -Top Tier Client","Tardis Group","Sydney","2017-03-13T22:58:14Z","NA","NA",81,"Java",0
"82","https://www.seek.com.au/job/32849000","Senior Data Scientist - Python - Scikit - AI - Machine Learning -Top Tier Client","Tardis Group","Sydney","2017-03-13T22:58:14Z","NA","NA",82,"research",0
"83","https://www.seek.com.au/job/32849000","Senior Data Scientist - Python - Scikit - AI - Machine Learning -Top Tier Client","Tardis Group","Sydney","2017-03-13T22:58:14Z","NA","NA",83,"creative",0
"84","https://www.seek.com.au/job/32849000","Senior Data Scientist - Python - Scikit - AI - Machine Learning -Top Tier Client","Tardis Group","Sydney","2017-03-13T22:58:14Z","NA","NA",84,"MATLAB",0
"85","https://www.seek.com.au/job/32849000","Senior Data Scientist - Python - Scikit - AI - Machine Learning -Top Tier Client","Tardis Group","Sydney","2017-03-13T22:58:14Z","NA","NA",85,"SAS",0
"86","https://www.seek.com.au/job/32849000","Senior Data Scientist - Python - Scikit - AI - Machine Learning -Top Tier Client","Tardis Group","Sydney","2017-03-13T22:58:14Z","NA","NA",86," R ",0
"87","https://www.seek.com.au/job/32849000","Senior Data Scientist - Python - Scikit - AI - Machine Learning -Top Tier Client","Tardis Group","Sydney","2017-03-13T22:58:14Z","NA","NA",87,"Modelling",0
"88","https://www.seek.com.au/job/32849000","Senior Data Scientist - Python - Scikit - AI - Machine Learning -Top Tier Client","Tardis Group","Sydney","2017-03-13T22:58:14Z","NA","NA",88,"Phd",0
"89","https://www.seek.com.au/job/33011765","Data Scientist | Digital Analytics ","Bluefin Resources Pty Limited","Sydney","2017-03-13T08:32:17Z","NA","NA",89,"Python",2
"90","https://www.seek.com.au/job/33011765","Data Scientist | Digital Analytics ","Bluefin Resources Pty Limited","Sydney","2017-03-13T08:32:17Z","NA","NA",90,"programming",0
"91","https://www.seek.com.au/job/33011765","Data Scientist | Digital Analytics ","Bluefin Resources Pty Limited","Sydney","2017-03-13T08:32:17Z","NA","NA",91,"analytics",5
"92","https://www.seek.com.au/job/33011765","Data Scientist | Digital Analytics ","Bluefin Resources Pty Limited","Sydney","2017-03-13T08:32:17Z","NA","NA",92,"mathematics",0
"93","https://www.seek.com.au/job/33011765","Data Scientist | Digital Analytics ","Bluefin Resources Pty Limited","Sydney","2017-03-13T08:32:17Z","NA","NA",93,"machine learning",4
"94","https://www.seek.com.au/job/33011765","Data Scientist | Digital Analytics ","Bluefin Resources Pty Limited","Sydney","2017-03-13T08:32:17Z","NA","NA",94,"team",5
"95","https://www.seek.com.au/job/33011765","Data Scientist | Digital Analytics ","Bluefin Resources Pty Limited","Sydney","2017-03-13T08:32:17Z","NA","NA",95,"Cooperation",0
"96","https://www.seek.com.au/job/33011765","Data Scientist | Digital Analytics ","Bluefin Resources Pty Limited","Sydney","2017-03-13T08:32:17Z","NA","NA",96,"statistics",2
"97","https://www.seek.com.au/job/33011765","Data Scientist | Digital Analytics ","Bluefin Resources Pty Limited","Sydney","2017-03-13T08:32:17Z","NA","NA",97,"SQL",1
"98","https://www.seek.com.au/job/33011765","Data Scientist | Digital Analytics ","Bluefin Resources Pty Limited","Sydney","2017-03-13T08:32:17Z","NA","NA",98,"communication",0
"99","https://www.seek.com.au/job/33011765","Data Scientist | Digital Analytics ","Bluefin Resources Pty Limited","Sydney","2017-03-13T08:32:17Z","NA","NA",99,"big data",0
"100","https://www.seek.com.au/job/33011765","Data Scientist | Digital Analytics ","Bluefin Resources Pty Limited","Sydney","2017-03-13T08:32:17Z","NA","NA",100,"design",2
"101","https://www.seek.com.au/job/33011765","Data Scientist | Digital Analytics ","Bluefin Resources Pty Limited","Sydney","2017-03-13T08:32:17Z","NA","NA",101,"visualization",0
"102","https://www.seek.com.au/job/33011765","Data Scientist | Digital Analytics ","Bluefin Resources Pty Limited","Sydney","2017-03-13T08:32:17Z","NA","NA",102,"Hadoop",0
"103","https://www.seek.com.au/job/33011765","Data Scientist | Digital Analytics ","Bluefin Resources Pty Limited","Sydney","2017-03-13T08:32:17Z","NA","NA",103,"Java",0
"104","https://www.seek.com.au/job/33011765","Data Scientist | Digital Analytics ","Bluefin Resources Pty Limited","Sydney","2017-03-13T08:32:17Z","NA","NA",104,"research",1
"105","https://www.seek.com.au/job/33011765","Data Scientist | Digital Analytics ","Bluefin Resources Pty Limited","Sydney","2017-03-13T08:32:17Z","NA","NA",105,"creative",0
"106","https://www.seek.com.au/job/33011765","Data Scientist | Digital Analytics ","Bluefin Resources Pty Limited","Sydney","2017-03-13T08:32:17Z","NA","NA",106,"MATLAB",0
"107","https://www.seek.com.au/job/33011765","Data Scientist | Digital Analytics ","Bluefin Resources Pty Limited","Sydney","2017-03-13T08:32:17Z","NA","NA",107,"SAS",0
"108","https://www.seek.com.au/job/33011765","Data Scientist | Digital Analytics ","Bluefin Resources Pty Limited","Sydney","2017-03-13T08:32:17Z","NA","NA",108," R ",1
"109","https://www.seek.com.au/job/33011765","Data Scientist | Digital Analytics ","Bluefin Resources Pty Limited","Sydney","2017-03-13T08:32:17Z","NA","NA",109,"Modelling",0
"110","https://www.seek.com.au/job/33011765","Data Scientist | Digital Analytics ","Bluefin Resources Pty Limited","Sydney","2017-03-13T08:32:17Z","NA","NA",110,"Phd",0
"111","https://www.seek.com.au/job/33007644","Senior Data Scientist","TRS - IT & Communications","Sydney","2017-03-13T02:00:24Z","NA","NA",111,"Python",0
"112","https://www.seek.com.au/job/33007644","Senior Data Scientist","TRS - IT & Communications","Sydney","2017-03-13T02:00:24Z","NA","NA",112,"programming",0
"113","https://www.seek.com.au/job/33007644","Senior Data Scientist","TRS - IT & Communications","Sydney","2017-03-13T02:00:24Z","NA","NA",113,"analytics",4
"114","https://www.seek.com.au/job/33007644","Senior Data Scientist","TRS - IT & Communications","Sydney","2017-03-13T02:00:24Z","NA","NA",114,"mathematics",0
"115","https://www.seek.com.au/job/33007644","Senior Data Scientist","TRS - IT & Communications","Sydney","2017-03-13T02:00:24Z","NA","NA",115,"machine learning",1
"116","https://www.seek.com.au/job/33007644","Senior Data Scientist","TRS - IT & Communications","Sydney","2017-03-13T02:00:24Z","NA","NA",116,"team",1
"117","https://www.seek.com.au/job/33007644","Senior Data Scientist","TRS - IT & Communications","Sydney","2017-03-13T02:00:24Z","NA","NA",117,"Cooperation",0
"118","https://www.seek.com.au/job/33007644","Senior Data Scientist","TRS - IT & Communications","Sydney","2017-03-13T02:00:24Z","NA","NA",118,"statistics",0
"119","https://www.seek.com.au/job/33007644","Senior Data Scientist","TRS - IT & Communications","Sydney","2017-03-13T02:00:24Z","NA","NA",119,"SQL",0
"120","https://www.seek.com.au/job/33007644","Senior Data Scientist","TRS - IT & Communications","Sydney","2017-03-13T02:00:24Z","NA","NA",120,"communication",1
"121","https://www.seek.com.au/job/33007644","Senior Data Scientist","TRS - IT & Communications","Sydney","2017-03-13T02:00:24Z","NA","NA",121,"big data",0
"122","https://www.seek.com.au/job/33007644","Senior Data Scientist","TRS - IT & Communications","Sydney","2017-03-13T02:00:24Z","NA","NA",122,"design",0
"123","https://www.seek.com.au/job/33007644","Senior Data Scientist","TRS - IT & Communications","Sydney","2017-03-13T02:00:24Z","NA","NA",123,"visualization",0
"124","https://www.seek.com.au/job/33007644","Senior Data Scientist","TRS - IT & Communications","Sydney","2017-03-13T02:00:24Z","NA","NA",124,"Hadoop",0
"125","https://www.seek.com.au/job/33007644","Senior Data Scientist","TRS - IT & Communications","Sydney","2017-03-13T02:00:24Z","NA","NA",125,"Java",0
"126","https://www.seek.com.au/job/33007644","Senior Data Scientist","TRS - IT & Communications","Sydney","2017-03-13T02:00:24Z","NA","NA",126,"research",0
"127","https://www.seek.com.au/job/33007644","Senior Data Scientist","TRS - IT & Communications","Sydney","2017-03-13T02:00:24Z","NA","NA",127,"creative",4
"128","https://www.seek.com.au/job/33007644","Senior Data Scientist","TRS - IT & Communications","Sydney","2017-03-13T02:00:24Z","NA","NA",128,"MATLAB",0
"129","https://www.seek.com.au/job/33007644","Senior Data Scientist","TRS - IT & Communications","Sydney","2017-03-13T02:00:24Z","NA","NA",129,"SAS",0
"130","https://www.seek.com.au/job/33007644","Senior Data Scientist","TRS - IT & Communications","Sydney","2017-03-13T02:00:24Z","NA","NA",130," R ",0
"131","https://www.seek.com.au/job/33007644","Senior Data Scientist","TRS - IT & Communications","Sydney","2017-03-13T02:00:24Z","NA","NA",131,"Modelling",0
"132","https://www.seek.com.au/job/33007644","Senior Data Scientist","TRS - IT & Communications","Sydney","2017-03-13T02:00:24Z","NA","NA",132,"Phd",0
"133","https://www.seek.com.au/job/33002204","Data Scientist with skill ODI and Cloudera Hadoop tools(Utilities)- Melbourne","Silverlink Technologies Pty Ltd","Melbourne","2017-03-10T17:20:36Z","NA","NA",133,"Python",4
"134","https://www.seek.com.au/job/33002204","Data Scientist with skill ODI and Cloudera Hadoop tools(Utilities)- Melbourne","Silverlink Technologies Pty Ltd","Melbourne","2017-03-10T17:20:36Z","NA","NA",134,"programming",0
"135","https://www.seek.com.au/job/33002204","Data Scientist with skill ODI and Cloudera Hadoop tools(Utilities)- Melbourne","Silverlink Technologies Pty Ltd","Melbourne","2017-03-10T17:20:36Z","NA","NA",135,"analytics",5
"136","https://www.seek.com.au/job/33002204","Data Scientist with skill ODI and Cloudera Hadoop tools(Utilities)- Melbourne","Silverlink Technologies Pty Ltd","Melbourne","2017-03-10T17:20:36Z","NA","NA",136,"mathematics",0
"137","https://www.seek.com.au/job/33002204","Data Scientist with skill ODI and Cloudera Hadoop tools(Utilities)- Melbourne","Silverlink Technologies Pty Ltd","Melbourne","2017-03-10T17:20:36Z","NA","NA",137,"machine learning",0
"138","https://www.seek.com.au/job/33002204","Data Scientist with skill ODI and Cloudera Hadoop tools(Utilities)- Melbourne","Silverlink Technologies Pty Ltd","Melbourne","2017-03-10T17:20:36Z","NA","NA",138,"team",1
"139","https://www.seek.com.au/job/33002204","Data Scientist with skill ODI and Cloudera Hadoop tools(Utilities)- Melbourne","Silverlink Technologies Pty Ltd","Melbourne","2017-03-10T17:20:36Z","NA","NA",139,"Cooperation",0
"140","https://www.seek.com.au/job/33002204","Data Scientist with skill ODI and Cloudera Hadoop tools(Utilities)- Melbourne","Silverlink Technologies Pty Ltd","Melbourne","2017-03-10T17:20:36Z","NA","NA",140,"statistics",0
"141","https://www.seek.com.au/job/33002204","Data Scientist with skill ODI and Cloudera Hadoop tools(Utilities)- Melbourne","Silverlink Technologies Pty Ltd","Melbourne","2017-03-10T17:20:36Z","NA","NA",141,"SQL",0
"142","https://www.seek.com.au/job/33002204","Data Scientist with skill ODI and Cloudera Hadoop tools(Utilities)- Melbourne","Silverlink Technologies Pty Ltd","Melbourne","2017-03-10T17:20:36Z","NA","NA",142,"communication",0
"143","https://www.seek.com.au/job/33002204","Data Scientist with skill ODI and Cloudera Hadoop tools(Utilities)- Melbourne","Silverlink Technologies Pty Ltd","Melbourne","2017-03-10T17:20:36Z","NA","NA",143,"big data",0
"144","https://www.seek.com.au/job/33002204","Data Scientist with skill ODI and Cloudera Hadoop tools(Utilities)- Melbourne","Silverlink Technologies Pty Ltd","Melbourne","2017-03-10T17:20:36Z","NA","NA",144,"design",0
"145","https://www.seek.com.au/job/33002204","Data Scientist with skill ODI and Cloudera Hadoop tools(Utilities)- Melbourne","Silverlink Technologies Pty Ltd","Melbourne","2017-03-10T17:20:36Z","NA","NA",145,"visualization",0
"146","https://www.seek.com.au/job/33002204","Data Scientist with skill ODI and Cloudera Hadoop tools(Utilities)- Melbourne","Silverlink Technologies Pty Ltd","Melbourne","2017-03-10T17:20:36Z","NA","NA",146,"Hadoop",11
"147","https://www.seek.com.au/job/33002204","Data Scientist with skill ODI and Cloudera Hadoop tools(Utilities)- Melbourne","Silverlink Technologies Pty Ltd","Melbourne","2017-03-10T17:20:36Z","NA","NA",147,"Java",3
"148","https://www.seek.com.au/job/33002204","Data Scientist with skill ODI and Cloudera Hadoop tools(Utilities)- Melbourne","Silverlink Technologies Pty Ltd","Melbourne","2017-03-10T17:20:36Z","NA","NA",148,"research",0
"149","https://www.seek.com.au/job/33002204","Data Scientist with skill ODI and Cloudera Hadoop tools(Utilities)- Melbourne","Silverlink Technologies Pty Ltd","Melbourne","2017-03-10T17:20:36Z","NA","NA",149,"creative",0
"150","https://www.seek.com.au/job/33002204","Data Scientist with skill ODI and Cloudera Hadoop tools(Utilities)- Melbourne","Silverlink Technologies Pty Ltd","Melbourne","2017-03-10T17:20:36Z","NA","NA",150,"MATLAB",0
"151","https://www.seek.com.au/job/33002204","Data Scientist with skill ODI and Cloudera Hadoop tools(Utilities)- Melbourne","Silverlink Technologies Pty Ltd","Melbourne","2017-03-10T17:20:36Z","NA","NA",151,"SAS",0
"152","https://www.seek.com.au/job/33002204","Data Scientist with skill ODI and Cloudera Hadoop tools(Utilities)- Melbourne","Silverlink Technologies Pty Ltd","Melbourne","2017-03-10T17:20:36Z","NA","NA",152," R ",1
"153","https://www.seek.com.au/job/33002204","Data Scientist with skill ODI and Cloudera Hadoop tools(Utilities)- Melbourne","Silverlink Technologies Pty Ltd","Melbourne","2017-03-10T17:20:36Z","NA","NA",153,"Modelling",0
"154","https://www.seek.com.au/job/33002204","Data Scientist with skill ODI and Cloudera Hadoop tools(Utilities)- Melbourne","Silverlink Technologies Pty Ltd","Melbourne","2017-03-10T17:20:36Z","NA","NA",154,"Phd",0
"155","https://www.seek.com.au/job/32981112","Data Scientist | Sydney | Permanent | Broad Industry Alignment","KAPiTAL Consulting","Sydney","2017-03-08T06:35:51Z","NA","NA",155,"Python",2
"156","https://www.seek.com.au/job/32981112","Data Scientist | Sydney | Permanent | Broad Industry Alignment","KAPiTAL Consulting","Sydney","2017-03-08T06:35:51Z","NA","NA",156,"programming",0
"157","https://www.seek.com.au/job/32981112","Data Scientist | Sydney | Permanent | Broad Industry Alignment","KAPiTAL Consulting","Sydney","2017-03-08T06:35:51Z","NA","NA",157,"analytics",2
"158","https://www.seek.com.au/job/32981112","Data Scientist | Sydney | Permanent | Broad Industry Alignment","KAPiTAL Consulting","Sydney","2017-03-08T06:35:51Z","NA","NA",158,"mathematics",0
"159","https://www.seek.com.au/job/32981112","Data Scientist | Sydney | Permanent | Broad Industry Alignment","KAPiTAL Consulting","Sydney","2017-03-08T06:35:51Z","NA","NA",159,"machine learning",0
"160","https://www.seek.com.au/job/32981112","Data Scientist | Sydney | Permanent | Broad Industry Alignment","KAPiTAL Consulting","Sydney","2017-03-08T06:35:51Z","NA","NA",160,"team",1
"161","https://www.seek.com.au/job/32981112","Data Scientist | Sydney | Permanent | Broad Industry Alignment","KAPiTAL Consulting","Sydney","2017-03-08T06:35:51Z","NA","NA",161,"Cooperation",0
"162","https://www.seek.com.au/job/32981112","Data Scientist | Sydney | Permanent | Broad Industry Alignment","KAPiTAL Consulting","Sydney","2017-03-08T06:35:51Z","NA","NA",162,"statistics",0
"163","https://www.seek.com.au/job/32981112","Data Scientist | Sydney | Permanent | Broad Industry Alignment","KAPiTAL Consulting","Sydney","2017-03-08T06:35:51Z","NA","NA",163,"SQL",0
"164","https://www.seek.com.au/job/32981112","Data Scientist | Sydney | Permanent | Broad Industry Alignment","KAPiTAL Consulting","Sydney","2017-03-08T06:35:51Z","NA","NA",164,"communication",2
"165","https://www.seek.com.au/job/32981112","Data Scientist | Sydney | Permanent | Broad Industry Alignment","KAPiTAL Consulting","Sydney","2017-03-08T06:35:51Z","NA","NA",165,"big data",1
"166","https://www.seek.com.au/job/32981112","Data Scientist | Sydney | Permanent | Broad Industry Alignment","KAPiTAL Consulting","Sydney","2017-03-08T06:35:51Z","NA","NA",166,"design",0
"167","https://www.seek.com.au/job/32981112","Data Scientist | Sydney | Permanent | Broad Industry Alignment","KAPiTAL Consulting","Sydney","2017-03-08T06:35:51Z","NA","NA",167,"visualization",0
"168","https://www.seek.com.au/job/32981112","Data Scientist | Sydney | Permanent | Broad Industry Alignment","KAPiTAL Consulting","Sydney","2017-03-08T06:35:51Z","NA","NA",168,"Hadoop",1
"169","https://www.seek.com.au/job/32981112","Data Scientist | Sydney | Permanent | Broad Industry Alignment","KAPiTAL Consulting","Sydney","2017-03-08T06:35:51Z","NA","NA",169,"Java",0
"170","https://www.seek.com.au/job/32981112","Data Scientist | Sydney | Permanent | Broad Industry Alignment","KAPiTAL Consulting","Sydney","2017-03-08T06:35:51Z","NA","NA",170,"research",0
"171","https://www.seek.com.au/job/32981112","Data Scientist | Sydney | Permanent | Broad Industry Alignment","KAPiTAL Consulting","Sydney","2017-03-08T06:35:51Z","NA","NA",171,"creative",0
"172","https://www.seek.com.au/job/32981112","Data Scientist | Sydney | Permanent | Broad Industry Alignment","KAPiTAL Consulting","Sydney","2017-03-08T06:35:51Z","NA","NA",172,"MATLAB",0
"173","https://www.seek.com.au/job/32981112","Data Scientist | Sydney | Permanent | Broad Industry Alignment","KAPiTAL Consulting","Sydney","2017-03-08T06:35:51Z","NA","NA",173,"SAS",1
"174","https://www.seek.com.au/job/32981112","Data Scientist | Sydney | Permanent | Broad Industry Alignment","KAPiTAL Consulting","Sydney","2017-03-08T06:35:51Z","NA","NA",174," R ",1
"175","https://www.seek.com.au/job/32981112","Data Scientist | Sydney | Permanent | Broad Industry Alignment","KAPiTAL Consulting","Sydney","2017-03-08T06:35:51Z","NA","NA",175,"Modelling",0
"176","https://www.seek.com.au/job/32981112","Data Scientist | Sydney | Permanent | Broad Industry Alignment","KAPiTAL Consulting","Sydney","2017-03-08T06:35:51Z","NA","NA",176,"Phd",0
"177","https://www.seek.com.au/job/32981361","Lead Data Scientist (Customer Marketing)","Correlate Resources","Sydney","2017-03-08T07:00:32Z","NA","NA",177,"Python",4
"178","https://www.seek.com.au/job/32981361","Lead Data Scientist (Customer Marketing)","Correlate Resources","Sydney","2017-03-08T07:00:32Z","NA","NA",178,"programming",0
"179","https://www.seek.com.au/job/32981361","Lead Data Scientist (Customer Marketing)","Correlate Resources","Sydney","2017-03-08T07:00:32Z","NA","NA",179,"analytics",6
"180","https://www.seek.com.au/job/32981361","Lead Data Scientist (Customer Marketing)","Correlate Resources","Sydney","2017-03-08T07:00:32Z","NA","NA",180,"mathematics",0
"181","https://www.seek.com.au/job/32981361","Lead Data Scientist (Customer Marketing)","Correlate Resources","Sydney","2017-03-08T07:00:32Z","NA","NA",181,"machine learning",0
"182","https://www.seek.com.au/job/32981361","Lead Data Scientist (Customer Marketing)","Correlate Resources","Sydney","2017-03-08T07:00:32Z","NA","NA",182,"team",2
"183","https://www.seek.com.au/job/32981361","Lead Data Scientist (Customer Marketing)","Correlate Resources","Sydney","2017-03-08T07:00:32Z","NA","NA",183,"Cooperation",0
"184","https://www.seek.com.au/job/32981361","Lead Data Scientist (Customer Marketing)","Correlate Resources","Sydney","2017-03-08T07:00:32Z","NA","NA",184,"statistics",0
"185","https://www.seek.com.au/job/32981361","Lead Data Scientist (Customer Marketing)","Correlate Resources","Sydney","2017-03-08T07:00:32Z","NA","NA",185,"SQL",6
"186","https://www.seek.com.au/job/32981361","Lead Data Scientist (Customer Marketing)","Correlate Resources","Sydney","2017-03-08T07:00:32Z","NA","NA",186,"communication",0
"187","https://www.seek.com.au/job/32981361","Lead Data Scientist (Customer Marketing)","Correlate Resources","Sydney","2017-03-08T07:00:32Z","NA","NA",187,"big data",0
"188","https://www.seek.com.au/job/32981361","Lead Data Scientist (Customer Marketing)","Correlate Resources","Sydney","2017-03-08T07:00:32Z","NA","NA",188,"design",0
"189","https://www.seek.com.au/job/32981361","Lead Data Scientist (Customer Marketing)","Correlate Resources","Sydney","2017-03-08T07:00:32Z","NA","NA",189,"visualization",0
"190","https://www.seek.com.au/job/32981361","Lead Data Scientist (Customer Marketing)","Correlate Resources","Sydney","2017-03-08T07:00:32Z","NA","NA",190,"Hadoop",0
"191","https://www.seek.com.au/job/32981361","Lead Data Scientist (Customer Marketing)","Correlate Resources","Sydney","2017-03-08T07:00:32Z","NA","NA",191,"Java",0
"192","https://www.seek.com.au/job/32981361","Lead Data Scientist (Customer Marketing)","Correlate Resources","Sydney","2017-03-08T07:00:32Z","NA","NA",192,"research",0
"193","https://www.seek.com.au/job/32981361","Lead Data Scientist (Customer Marketing)","Correlate Resources","Sydney","2017-03-08T07:00:32Z","NA","NA",193,"creative",0
"194","https://www.seek.com.au/job/32981361","Lead Data Scientist (Customer Marketing)","Correlate Resources","Sydney","2017-03-08T07:00:32Z","NA","NA",194,"MATLAB",0
"195","https://www.seek.com.au/job/32981361","Lead Data Scientist (Customer Marketing)","Correlate Resources","Sydney","2017-03-08T07:00:32Z","NA","NA",195,"SAS",4
"196","https://www.seek.com.au/job/32981361","Lead Data Scientist (Customer Marketing)","Correlate Resources","Sydney","2017-03-08T07:00:32Z","NA","NA",196," R ",2
"197","https://www.seek.com.au/job/32981361","Lead Data Scientist (Customer Marketing)","Correlate Resources","Sydney","2017-03-08T07:00:32Z","NA","NA",197,"Modelling",0
"198","https://www.seek.com.au/job/32981361","Lead Data Scientist (Customer Marketing)","Correlate Resources","Sydney","2017-03-08T07:00:32Z","NA","NA",198,"Phd",0
"199","https://www.seek.com.au/job/32975869","Mid-Level Data Scientist; Data Analyst","Harvey Nash","Sydney","2017-03-08T00:43:26Z","NA","NA",199,"Python",0
"200","https://www.seek.com.au/job/32975869","Mid-Level Data Scientist; Data Analyst","Harvey Nash","Sydney","2017-03-08T00:43:26Z","NA","NA",200,"programming",0
"201","https://www.seek.com.au/job/32975869","Mid-Level Data Scientist; Data Analyst","Harvey Nash","Sydney","2017-03-08T00:43:26Z","NA","NA",201,"analytics",4
"202","https://www.seek.com.au/job/32975869","Mid-Level Data Scientist; Data Analyst","Harvey Nash","Sydney","2017-03-08T00:43:26Z","NA","NA",202,"mathematics",0
"203","https://www.seek.com.au/job/32975869","Mid-Level Data Scientist; Data Analyst","Harvey Nash","Sydney","2017-03-08T00:43:26Z","NA","NA",203,"machine learning",0
"204","https://www.seek.com.au/job/32975869","Mid-Level Data Scientist; Data Analyst","Harvey Nash","Sydney","2017-03-08T00:43:26Z","NA","NA",204,"team",0
"205","https://www.seek.com.au/job/32975869","Mid-Level Data Scientist; Data Analyst","Harvey Nash","Sydney","2017-03-08T00:43:26Z","NA","NA",205,"Cooperation",0
"206","https://www.seek.com.au/job/32975869","Mid-Level Data Scientist; Data Analyst","Harvey Nash","Sydney","2017-03-08T00:43:26Z","NA","NA",206,"statistics",1
"207","https://www.seek.com.au/job/32975869","Mid-Level Data Scientist; Data Analyst","Harvey Nash","Sydney","2017-03-08T00:43:26Z","NA","NA",207,"SQL",0
"208","https://www.seek.com.au/job/32975869","Mid-Level Data Scientist; Data Analyst","Harvey Nash","Sydney","2017-03-08T00:43:26Z","NA","NA",208,"communication",0
"209","https://www.seek.com.au/job/32975869","Mid-Level Data Scientist; Data Analyst","Harvey Nash","Sydney","2017-03-08T00:43:26Z","NA","NA",209,"big data",0
"210","https://www.seek.com.au/job/32975869","Mid-Level Data Scientist; Data Analyst","Harvey Nash","Sydney","2017-03-08T00:43:26Z","NA","NA",210,"design",0
"211","https://www.seek.com.au/job/32975869","Mid-Level Data Scientist; Data Analyst","Harvey Nash","Sydney","2017-03-08T00:43:26Z","NA","NA",211,"visualization",0
"212","https://www.seek.com.au/job/32975869","Mid-Level Data Scientist; Data Analyst","Harvey Nash","Sydney","2017-03-08T00:43:26Z","NA","NA",212,"Hadoop",0
"213","https://www.seek.com.au/job/32975869","Mid-Level Data Scientist; Data Analyst","Harvey Nash","Sydney","2017-03-08T00:43:26Z","NA","NA",213,"Java",0
"214","https://www.seek.com.au/job/32975869","Mid-Level Data Scientist; Data Analyst","Harvey Nash","Sydney","2017-03-08T00:43:26Z","NA","NA",214,"research",0
"215","https://www.seek.com.au/job/32975869","Mid-Level Data Scientist; Data Analyst","Harvey Nash","Sydney","2017-03-08T00:43:26Z","NA","NA",215,"creative",1
"216","https://www.seek.com.au/job/32975869","Mid-Level Data Scientist; Data Analyst","Harvey Nash","Sydney","2017-03-08T00:43:26Z","NA","NA",216,"MATLAB",0
"217","https://www.seek.com.au/job/32975869","Mid-Level Data Scientist; Data Analyst","Harvey Nash","Sydney","2017-03-08T00:43:26Z","NA","NA",217,"SAS",0
"218","https://www.seek.com.au/job/32975869","Mid-Level Data Scientist; Data Analyst","Harvey Nash","Sydney","2017-03-08T00:43:26Z","NA","NA",218," R ",0
"219","https://www.seek.com.au/job/32975869","Mid-Level Data Scientist; Data Analyst","Harvey Nash","Sydney","2017-03-08T00:43:26Z","NA","NA",219,"Modelling",0
"220","https://www.seek.com.au/job/32975869","Mid-Level Data Scientist; Data Analyst","Harvey Nash","Sydney","2017-03-08T00:43:26Z","NA","NA",220,"Phd",0
"221","https://www.seek.com.au/job/32981634","Senior Data Scientist","Hudson","Sydney","2017-03-08T07:16:56Z","NA","NA",221,"Python",1
"222","https://www.seek.com.au/job/32981634","Senior Data Scientist","Hudson","Sydney","2017-03-08T07:16:56Z","NA","NA",222,"programming",0
"223","https://www.seek.com.au/job/32981634","Senior Data Scientist","Hudson","Sydney","2017-03-08T07:16:56Z","NA","NA",223,"analytics",2
"224","https://www.seek.com.au/job/32981634","Senior Data Scientist","Hudson","Sydney","2017-03-08T07:16:56Z","NA","NA",224,"mathematics",0
"225","https://www.seek.com.au/job/32981634","Senior Data Scientist","Hudson","Sydney","2017-03-08T07:16:56Z","NA","NA",225,"machine learning",1
"226","https://www.seek.com.au/job/32981634","Senior Data Scientist","Hudson","Sydney","2017-03-08T07:16:56Z","NA","NA",226,"team",1
"227","https://www.seek.com.au/job/32981634","Senior Data Scientist","Hudson","Sydney","2017-03-08T07:16:56Z","NA","NA",227,"Cooperation",0
"228","https://www.seek.com.au/job/32981634","Senior Data Scientist","Hudson","Sydney","2017-03-08T07:16:56Z","NA","NA",228,"statistics",0
"229","https://www.seek.com.au/job/32981634","Senior Data Scientist","Hudson","Sydney","2017-03-08T07:16:56Z","NA","NA",229,"SQL",1
"230","https://www.seek.com.au/job/32981634","Senior Data Scientist","Hudson","Sydney","2017-03-08T07:16:56Z","NA","NA",230,"communication",0
"231","https://www.seek.com.au/job/32981634","Senior Data Scientist","Hudson","Sydney","2017-03-08T07:16:56Z","NA","NA",231,"big data",0
"232","https://www.seek.com.au/job/32981634","Senior Data Scientist","Hudson","Sydney","2017-03-08T07:16:56Z","NA","NA",232,"design",0
"233","https://www.seek.com.au/job/32981634","Senior Data Scientist","Hudson","Sydney","2017-03-08T07:16:56Z","NA","NA",233,"visualization",0
"234","https://www.seek.com.au/job/32981634","Senior Data Scientist","Hudson","Sydney","2017-03-08T07:16:56Z","NA","NA",234,"Hadoop",0
"235","https://www.seek.com.au/job/32981634","Senior Data Scientist","Hudson","Sydney","2017-03-08T07:16:56Z","NA","NA",235,"Java",0
"236","https://www.seek.com.au/job/32981634","Senior Data Scientist","Hudson","Sydney","2017-03-08T07:16:56Z","NA","NA",236,"research",0
"237","https://www.seek.com.au/job/32981634","Senior Data Scientist","Hudson","Sydney","2017-03-08T07:16:56Z","NA","NA",237,"creative",0
"238","https://www.seek.com.au/job/32981634","Senior Data Scientist","Hudson","Sydney","2017-03-08T07:16:56Z","NA","NA",238,"MATLAB",0
"239","https://www.seek.com.au/job/32981634","Senior Data Scientist","Hudson","Sydney","2017-03-08T07:16:56Z","NA","NA",239,"SAS",0
"240","https://www.seek.com.au/job/32981634","Senior Data Scientist","Hudson","Sydney","2017-03-08T07:16:56Z","NA","NA",240," R ",0
"241","https://www.seek.com.au/job/32981634","Senior Data Scientist","Hudson","Sydney","2017-03-08T07:16:56Z","NA","NA",241,"Modelling",0
"242","https://www.seek.com.au/job/32981634","Senior Data Scientist","Hudson","Sydney","2017-03-08T07:16:56Z","NA","NA",242,"Phd",0
"243","https://www.seek.com.au/job/32974728","Data Scientist | Brisbane Based","Bluefin Resources Pty Limited","Brisbane","2017-03-07T23:19:56Z","NA","NA",243,"Python",2
"244","https://www.seek.com.au/job/32974728","Data Scientist | Brisbane Based","Bluefin Resources Pty Limited","Brisbane","2017-03-07T23:19:56Z","NA","NA",244,"programming",0
"245","https://www.seek.com.au/job/32974728","Data Scientist | Brisbane Based","Bluefin Resources Pty Limited","Brisbane","2017-03-07T23:19:56Z","NA","NA",245,"analytics",6
"246","https://www.seek.com.au/job/32974728","Data Scientist | Brisbane Based","Bluefin Resources Pty Limited","Brisbane","2017-03-07T23:19:56Z","NA","NA",246,"mathematics",0
"247","https://www.seek.com.au/job/32974728","Data Scientist | Brisbane Based","Bluefin Resources Pty Limited","Brisbane","2017-03-07T23:19:56Z","NA","NA",247,"machine learning",1
"248","https://www.seek.com.au/job/32974728","Data Scientist | Brisbane Based","Bluefin Resources Pty Limited","Brisbane","2017-03-07T23:19:56Z","NA","NA",248,"team",3
"249","https://www.seek.com.au/job/32974728","Data Scientist | Brisbane Based","Bluefin Resources Pty Limited","Brisbane","2017-03-07T23:19:56Z","NA","NA",249,"Cooperation",0
"250","https://www.seek.com.au/job/32974728","Data Scientist | Brisbane Based","Bluefin Resources Pty Limited","Brisbane","2017-03-07T23:19:56Z","NA","NA",250,"statistics",0
"251","https://www.seek.com.au/job/32974728","Data Scientist | Brisbane Based","Bluefin Resources Pty Limited","Brisbane","2017-03-07T23:19:56Z","NA","NA",251,"SQL",2
"252","https://www.seek.com.au/job/32974728","Data Scientist | Brisbane Based","Bluefin Resources Pty Limited","Brisbane","2017-03-07T23:19:56Z","NA","NA",252,"communication",1
"253","https://www.seek.com.au/job/32974728","Data Scientist | Brisbane Based","Bluefin Resources Pty Limited","Brisbane","2017-03-07T23:19:56Z","NA","NA",253,"big data",0
"254","https://www.seek.com.au/job/32974728","Data Scientist | Brisbane Based","Bluefin Resources Pty Limited","Brisbane","2017-03-07T23:19:56Z","NA","NA",254,"design",0
"255","https://www.seek.com.au/job/32974728","Data Scientist | Brisbane Based","Bluefin Resources Pty Limited","Brisbane","2017-03-07T23:19:56Z","NA","NA",255,"visualization",0
"256","https://www.seek.com.au/job/32974728","Data Scientist | Brisbane Based","Bluefin Resources Pty Limited","Brisbane","2017-03-07T23:19:56Z","NA","NA",256,"Hadoop",0
"257","https://www.seek.com.au/job/32974728","Data Scientist | Brisbane Based","Bluefin Resources Pty Limited","Brisbane","2017-03-07T23:19:56Z","NA","NA",257,"Java",0
"258","https://www.seek.com.au/job/32974728","Data Scientist | Brisbane Based","Bluefin Resources Pty Limited","Brisbane","2017-03-07T23:19:56Z","NA","NA",258,"research",0
"259","https://www.seek.com.au/job/32974728","Data Scientist | Brisbane Based","Bluefin Resources Pty Limited","Brisbane","2017-03-07T23:19:56Z","NA","NA",259,"creative",0
"260","https://www.seek.com.au/job/32974728","Data Scientist | Brisbane Based","Bluefin Resources Pty Limited","Brisbane","2017-03-07T23:19:56Z","NA","NA",260,"MATLAB",0
"261","https://www.seek.com.au/job/32974728","Data Scientist | Brisbane Based","Bluefin Resources Pty Limited","Brisbane","2017-03-07T23:19:56Z","NA","NA",261,"SAS",1
"262","https://www.seek.com.au/job/32974728","Data Scientist | Brisbane Based","Bluefin Resources Pty Limited","Brisbane","2017-03-07T23:19:56Z","NA","NA",262," R ",0
"263","https://www.seek.com.au/job/32974728","Data Scientist | Brisbane Based","Bluefin Resources Pty Limited","Brisbane","2017-03-07T23:19:56Z","NA","NA",263,"Modelling",0
"264","https://www.seek.com.au/job/32974728","Data Scientist | Brisbane Based","Bluefin Resources Pty Limited","Brisbane","2017-03-07T23:19:56Z","NA","NA",264,"Phd",0
"265","https://www.seek.com.au/job/32976385","Lead Data Scientist / Data Scientist Manager  - Bangkok","Big Wednesday","Sydney","2017-03-08T01:09:59Z","NA","NA",265,"Python",1
"266","https://www.seek.com.au/job/32976385","Lead Data Scientist / Data Scientist Manager  - Bangkok","Big Wednesday","Sydney","2017-03-08T01:09:59Z","NA","NA",266,"programming",0
"267","https://www.seek.com.au/job/32976385","Lead Data Scientist / Data Scientist Manager  - Bangkok","Big Wednesday","Sydney","2017-03-08T01:09:59Z","NA","NA",267,"analytics",2
"268","https://www.seek.com.au/job/32976385","Lead Data Scientist / Data Scientist Manager  - Bangkok","Big Wednesday","Sydney","2017-03-08T01:09:59Z","NA","NA",268,"mathematics",0
"269","https://www.seek.com.au/job/32976385","Lead Data Scientist / Data Scientist Manager  - Bangkok","Big Wednesday","Sydney","2017-03-08T01:09:59Z","NA","NA",269,"machine learning",4
"270","https://www.seek.com.au/job/32976385","Lead Data Scientist / Data Scientist Manager  - Bangkok","Big Wednesday","Sydney","2017-03-08T01:09:59Z","NA","NA",270,"team",4
"271","https://www.seek.com.au/job/32976385","Lead Data Scientist / Data Scientist Manager  - Bangkok","Big Wednesday","Sydney","2017-03-08T01:09:59Z","NA","NA",271,"Cooperation",0
"272","https://www.seek.com.au/job/32976385","Lead Data Scientist / Data Scientist Manager  - Bangkok","Big Wednesday","Sydney","2017-03-08T01:09:59Z","NA","NA",272,"statistics",1
"273","https://www.seek.com.au/job/32976385","Lead Data Scientist / Data Scientist Manager  - Bangkok","Big Wednesday","Sydney","2017-03-08T01:09:59Z","NA","NA",273,"SQL",1
"274","https://www.seek.com.au/job/32976385","Lead Data Scientist / Data Scientist Manager  - Bangkok","Big Wednesday","Sydney","2017-03-08T01:09:59Z","NA","NA",274,"communication",0
"275","https://www.seek.com.au/job/32976385","Lead Data Scientist / Data Scientist Manager  - Bangkok","Big Wednesday","Sydney","2017-03-08T01:09:59Z","NA","NA",275,"big data",0
"276","https://www.seek.com.au/job/32976385","Lead Data Scientist / Data Scientist Manager  - Bangkok","Big Wednesday","Sydney","2017-03-08T01:09:59Z","NA","NA",276,"design",0
"277","https://www.seek.com.au/job/32976385","Lead Data Scientist / Data Scientist Manager  - Bangkok","Big Wednesday","Sydney","2017-03-08T01:09:59Z","NA","NA",277,"visualization",0
"278","https://www.seek.com.au/job/32976385","Lead Data Scientist / Data Scientist Manager  - Bangkok","Big Wednesday","Sydney","2017-03-08T01:09:59Z","NA","NA",278,"Hadoop",0
"279","https://www.seek.com.au/job/32976385","Lead Data Scientist / Data Scientist Manager  - Bangkok","Big Wednesday","Sydney","2017-03-08T01:09:59Z","NA","NA",279,"Java",1
"280","https://www.seek.com.au/job/32976385","Lead Data Scientist / Data Scientist Manager  - Bangkok","Big Wednesday","Sydney","2017-03-08T01:09:59Z","NA","NA",280,"research",0
"281","https://www.seek.com.au/job/32976385","Lead Data Scientist / Data Scientist Manager  - Bangkok","Big Wednesday","Sydney","2017-03-08T01:09:59Z","NA","NA",281,"creative",1
"282","https://www.seek.com.au/job/32976385","Lead Data Scientist / Data Scientist Manager  - Bangkok","Big Wednesday","Sydney","2017-03-08T01:09:59Z","NA","NA",282,"MATLAB",0
"283","https://www.seek.com.au/job/32976385","Lead Data Scientist / Data Scientist Manager  - Bangkok","Big Wednesday","Sydney","2017-03-08T01:09:59Z","NA","NA",283,"SAS",0
"284","https://www.seek.com.au/job/32976385","Lead Data Scientist / Data Scientist Manager  - Bangkok","Big Wednesday","Sydney","2017-03-08T01:09:59Z","NA","NA",284," R ",0
"285","https://www.seek.com.au/job/32976385","Lead Data Scientist / Data Scientist Manager  - Bangkok","Big Wednesday","Sydney","2017-03-08T01:09:59Z","NA","NA",285,"Modelling",0
"286","https://www.seek.com.au/job/32976385","Lead Data Scientist / Data Scientist Manager  - Bangkok","Big Wednesday","Sydney","2017-03-08T01:09:59Z","NA","NA",286,"Phd",0
"287","https://www.seek.com.au/job/32966573","Data Scientist / Machine Learning Expert - Bangkok, Thailand","Big Wednesday","Perth","2017-03-07T01:50:01Z","NA","NA",287,"Python",1
"288","https://www.seek.com.au/job/32966573","Data Scientist / Machine Learning Expert - Bangkok, Thailand","Big Wednesday","Perth","2017-03-07T01:50:01Z","NA","NA",288,"programming",0
"289","https://www.seek.com.au/job/32966573","Data Scientist / Machine Learning Expert - Bangkok, Thailand","Big Wednesday","Perth","2017-03-07T01:50:01Z","NA","NA",289,"analytics",2
"290","https://www.seek.com.au/job/32966573","Data Scientist / Machine Learning Expert - Bangkok, Thailand","Big Wednesday","Perth","2017-03-07T01:50:01Z","NA","NA",290,"mathematics",0
"291","https://www.seek.com.au/job/32966573","Data Scientist / Machine Learning Expert - Bangkok, Thailand","Big Wednesday","Perth","2017-03-07T01:50:01Z","NA","NA",291,"machine learning",2
"292","https://www.seek.com.au/job/32966573","Data Scientist / Machine Learning Expert - Bangkok, Thailand","Big Wednesday","Perth","2017-03-07T01:50:01Z","NA","NA",292,"team",0
"293","https://www.seek.com.au/job/32966573","Data Scientist / Machine Learning Expert - Bangkok, Thailand","Big Wednesday","Perth","2017-03-07T01:50:01Z","NA","NA",293,"Cooperation",0
"294","https://www.seek.com.au/job/32966573","Data Scientist / Machine Learning Expert - Bangkok, Thailand","Big Wednesday","Perth","2017-03-07T01:50:01Z","NA","NA",294,"statistics",1
"295","https://www.seek.com.au/job/32966573","Data Scientist / Machine Learning Expert - Bangkok, Thailand","Big Wednesday","Perth","2017-03-07T01:50:01Z","NA","NA",295,"SQL",1
"296","https://www.seek.com.au/job/32966573","Data Scientist / Machine Learning Expert - Bangkok, Thailand","Big Wednesday","Perth","2017-03-07T01:50:01Z","NA","NA",296,"communication",0
"297","https://www.seek.com.au/job/32966573","Data Scientist / Machine Learning Expert - Bangkok, Thailand","Big Wednesday","Perth","2017-03-07T01:50:01Z","NA","NA",297,"big data",0
"298","https://www.seek.com.au/job/32966573","Data Scientist / Machine Learning Expert - Bangkok, Thailand","Big Wednesday","Perth","2017-03-07T01:50:01Z","NA","NA",298,"design",0
"299","https://www.seek.com.au/job/32966573","Data Scientist / Machine Learning Expert - Bangkok, Thailand","Big Wednesday","Perth","2017-03-07T01:50:01Z","NA","NA",299,"visualization",0
"300","https://www.seek.com.au/job/32966573","Data Scientist / Machine Learning Expert - Bangkok, Thailand","Big Wednesday","Perth","2017-03-07T01:50:01Z","NA","NA",300,"Hadoop",0
"301","https://www.seek.com.au/job/32966573","Data Scientist / Machine Learning Expert - Bangkok, Thailand","Big Wednesday","Perth","2017-03-07T01:50:01Z","NA","NA",301,"Java",1
"302","https://www.seek.com.au/job/32966573","Data Scientist / Machine Learning Expert - Bangkok, Thailand","Big Wednesday","Perth","2017-03-07T01:50:01Z","NA","NA",302,"research",0
"303","https://www.seek.com.au/job/32966573","Data Scientist / Machine Learning Expert - Bangkok, Thailand","Big Wednesday","Perth","2017-03-07T01:50:01Z","NA","NA",303,"creative",1
"304","https://www.seek.com.au/job/32966573","Data Scientist / Machine Learning Expert - Bangkok, Thailand","Big Wednesday","Perth","2017-03-07T01:50:01Z","NA","NA",304,"MATLAB",0
"305","https://www.seek.com.au/job/32966573","Data Scientist / Machine Learning Expert - Bangkok, Thailand","Big Wednesday","Perth","2017-03-07T01:50:01Z","NA","NA",305,"SAS",0
"306","https://www.seek.com.au/job/32966573","Data Scientist / Machine Learning Expert - Bangkok, Thailand","Big Wednesday","Perth","2017-03-07T01:50:01Z","NA","NA",306," R ",0
"307","https://www.seek.com.au/job/32966573","Data Scientist / Machine Learning Expert - Bangkok, Thailand","Big Wednesday","Perth","2017-03-07T01:50:01Z","NA","NA",307,"Modelling",0
"308","https://www.seek.com.au/job/32966573","Data Scientist / Machine Learning Expert - Bangkok, Thailand","Big Wednesday","Perth","2017-03-07T01:50:01Z","NA","NA",308,"Phd",0
"309","https://www.seek.com.au/job/32965320","Data Scientist","Eden Ritchie Recruitment","Brisbane","2017-03-07T00:23:40Z","NA","NA",309,"Python",1
"310","https://www.seek.com.au/job/32965320","Data Scientist","Eden Ritchie Recruitment","Brisbane","2017-03-07T00:23:40Z","NA","NA",310,"programming",1
"311","https://www.seek.com.au/job/32965320","Data Scientist","Eden Ritchie Recruitment","Brisbane","2017-03-07T00:23:40Z","NA","NA",311,"analytics",5
"312","https://www.seek.com.au/job/32965320","Data Scientist","Eden Ritchie Recruitment","Brisbane","2017-03-07T00:23:40Z","NA","NA",312,"mathematics",0
"313","https://www.seek.com.au/job/32965320","Data Scientist","Eden Ritchie Recruitment","Brisbane","2017-03-07T00:23:40Z","NA","NA",313,"machine learning",1
"314","https://www.seek.com.au/job/32965320","Data Scientist","Eden Ritchie Recruitment","Brisbane","2017-03-07T00:23:40Z","NA","NA",314,"team",2
"315","https://www.seek.com.au/job/32965320","Data Scientist","Eden Ritchie Recruitment","Brisbane","2017-03-07T00:23:40Z","NA","NA",315,"Cooperation",0
"316","https://www.seek.com.au/job/32965320","Data Scientist","Eden Ritchie Recruitment","Brisbane","2017-03-07T00:23:40Z","NA","NA",316,"statistics",1
"317","https://www.seek.com.au/job/32965320","Data Scientist","Eden Ritchie Recruitment","Brisbane","2017-03-07T00:23:40Z","NA","NA",317,"SQL",1
"318","https://www.seek.com.au/job/32965320","Data Scientist","Eden Ritchie Recruitment","Brisbane","2017-03-07T00:23:40Z","NA","NA",318,"communication",0
"319","https://www.seek.com.au/job/32965320","Data Scientist","Eden Ritchie Recruitment","Brisbane","2017-03-07T00:23:40Z","NA","NA",319,"big data",1
"320","https://www.seek.com.au/job/32965320","Data Scientist","Eden Ritchie Recruitment","Brisbane","2017-03-07T00:23:40Z","NA","NA",320,"design",0
"321","https://www.seek.com.au/job/32965320","Data Scientist","Eden Ritchie Recruitment","Brisbane","2017-03-07T00:23:40Z","NA","NA",321,"visualization",0
"322","https://www.seek.com.au/job/32965320","Data Scientist","Eden Ritchie Recruitment","Brisbane","2017-03-07T00:23:40Z","NA","NA",322,"Hadoop",0
"323","https://www.seek.com.au/job/32965320","Data Scientist","Eden Ritchie Recruitment","Brisbane","2017-03-07T00:23:40Z","NA","NA",323,"Java",0
"324","https://www.seek.com.au/job/32965320","Data Scientist","Eden Ritchie Recruitment","Brisbane","2017-03-07T00:23:40Z","NA","NA",324,"research",0
"325","https://www.seek.com.au/job/32965320","Data Scientist","Eden Ritchie Recruitment","Brisbane","2017-03-07T00:23:40Z","NA","NA",325,"creative",0
"326","https://www.seek.com.au/job/32965320","Data Scientist","Eden Ritchie Recruitment","Brisbane","2017-03-07T00:23:40Z","NA","NA",326,"MATLAB",0
"327","https://www.seek.com.au/job/32965320","Data Scientist","Eden Ritchie Recruitment","Brisbane","2017-03-07T00:23:40Z","NA","NA",327,"SAS",0
"328","https://www.seek.com.au/job/32965320","Data Scientist","Eden Ritchie Recruitment","Brisbane","2017-03-07T00:23:40Z","NA","NA",328," R ",1
"329","https://www.seek.com.au/job/32965320","Data Scientist","Eden Ritchie Recruitment","Brisbane","2017-03-07T00:23:40Z","NA","NA",329,"Modelling",0
"330","https://www.seek.com.au/job/32965320","Data Scientist","Eden Ritchie Recruitment","Brisbane","2017-03-07T00:23:40Z","NA","NA",330,"Phd",0
"331","https://www.seek.com.au/job/32959733","Data Scientist","HCM Australia","Sydney","2017-03-06T05:13:22Z","NA","NA",331,"Python",1
"332","https://www.seek.com.au/job/32959733","Data Scientist","HCM Australia","Sydney","2017-03-06T05:13:22Z","NA","NA",332,"programming",1
"333","https://www.seek.com.au/job/32959733","Data Scientist","HCM Australia","Sydney","2017-03-06T05:13:22Z","NA","NA",333,"analytics",2
"334","https://www.seek.com.au/job/32959733","Data Scientist","HCM Australia","Sydney","2017-03-06T05:13:22Z","NA","NA",334,"mathematics",0
"335","https://www.seek.com.au/job/32959733","Data Scientist","HCM Australia","Sydney","2017-03-06T05:13:22Z","NA","NA",335,"machine learning",1
"336","https://www.seek.com.au/job/32959733","Data Scientist","HCM Australia","Sydney","2017-03-06T05:13:22Z","NA","NA",336,"team",3
"337","https://www.seek.com.au/job/32959733","Data Scientist","HCM Australia","Sydney","2017-03-06T05:13:22Z","NA","NA",337,"Cooperation",0
"338","https://www.seek.com.au/job/32959733","Data Scientist","HCM Australia","Sydney","2017-03-06T05:13:22Z","NA","NA",338,"statistics",0
"339","https://www.seek.com.au/job/32959733","Data Scientist","HCM Australia","Sydney","2017-03-06T05:13:22Z","NA","NA",339,"SQL",1
"340","https://www.seek.com.au/job/32959733","Data Scientist","HCM Australia","Sydney","2017-03-06T05:13:22Z","NA","NA",340,"communication",3
"341","https://www.seek.com.au/job/32959733","Data Scientist","HCM Australia","Sydney","2017-03-06T05:13:22Z","NA","NA",341,"big data",1
"342","https://www.seek.com.au/job/32959733","Data Scientist","HCM Australia","Sydney","2017-03-06T05:13:22Z","NA","NA",342,"design",0
"343","https://www.seek.com.au/job/32959733","Data Scientist","HCM Australia","Sydney","2017-03-06T05:13:22Z","NA","NA",343,"visualization",0
"344","https://www.seek.com.au/job/32959733","Data Scientist","HCM Australia","Sydney","2017-03-06T05:13:22Z","NA","NA",344,"Hadoop",0
"345","https://www.seek.com.au/job/32959733","Data Scientist","HCM Australia","Sydney","2017-03-06T05:13:22Z","NA","NA",345,"Java",1
"346","https://www.seek.com.au/job/32959733","Data Scientist","HCM Australia","Sydney","2017-03-06T05:13:22Z","NA","NA",346,"research",1
"347","https://www.seek.com.au/job/32959733","Data Scientist","HCM Australia","Sydney","2017-03-06T05:13:22Z","NA","NA",347,"creative",0
"348","https://www.seek.com.au/job/32959733","Data Scientist","HCM Australia","Sydney","2017-03-06T05:13:22Z","NA","NA",348,"MATLAB",0
"349","https://www.seek.com.au/job/32959733","Data Scientist","HCM Australia","Sydney","2017-03-06T05:13:22Z","NA","NA",349,"SAS",0
"350","https://www.seek.com.au/job/32959733","Data Scientist","HCM Australia","Sydney","2017-03-06T05:13:22Z","NA","NA",350," R ",0
"351","https://www.seek.com.au/job/32959733","Data Scientist","HCM Australia","Sydney","2017-03-06T05:13:22Z","NA","NA",351,"Modelling",0
"352","https://www.seek.com.au/job/32959733","Data Scientist","HCM Australia","Sydney","2017-03-06T05:13:22Z","NA","NA",352,"Phd",0
"353","https://www.seek.com.au/job/32960276","Data Scientist/ Data Analytics Consultant","SKL","Brisbane","2017-03-06T05:45:32Z","NA","NA",353,"Python",2
"354","https://www.seek.com.au/job/32960276","Data Scientist/ Data Analytics Consultant","SKL","Brisbane","2017-03-06T05:45:32Z","NA","NA",354,"programming",0
"355","https://www.seek.com.au/job/32960276","Data Scientist/ Data Analytics Consultant","SKL","Brisbane","2017-03-06T05:45:32Z","NA","NA",355,"analytics",2
"356","https://www.seek.com.au/job/32960276","Data Scientist/ Data Analytics Consultant","SKL","Brisbane","2017-03-06T05:45:32Z","NA","NA",356,"mathematics",0
"357","https://www.seek.com.au/job/32960276","Data Scientist/ Data Analytics Consultant","SKL","Brisbane","2017-03-06T05:45:32Z","NA","NA",357,"machine learning",1
"358","https://www.seek.com.au/job/32960276","Data Scientist/ Data Analytics Consultant","SKL","Brisbane","2017-03-06T05:45:32Z","NA","NA",358,"team",2
"359","https://www.seek.com.au/job/32960276","Data Scientist/ Data Analytics Consultant","SKL","Brisbane","2017-03-06T05:45:32Z","NA","NA",359,"Cooperation",0
"360","https://www.seek.com.au/job/32960276","Data Scientist/ Data Analytics Consultant","SKL","Brisbane","2017-03-06T05:45:32Z","NA","NA",360,"statistics",1
"361","https://www.seek.com.au/job/32960276","Data Scientist/ Data Analytics Consultant","SKL","Brisbane","2017-03-06T05:45:32Z","NA","NA",361,"SQL",1
"362","https://www.seek.com.au/job/32960276","Data Scientist/ Data Analytics Consultant","SKL","Brisbane","2017-03-06T05:45:32Z","NA","NA",362,"communication",1
"363","https://www.seek.com.au/job/32960276","Data Scientist/ Data Analytics Consultant","SKL","Brisbane","2017-03-06T05:45:32Z","NA","NA",363,"big data",0
"364","https://www.seek.com.au/job/32960276","Data Scientist/ Data Analytics Consultant","SKL","Brisbane","2017-03-06T05:45:32Z","NA","NA",364,"design",1
"365","https://www.seek.com.au/job/32960276","Data Scientist/ Data Analytics Consultant","SKL","Brisbane","2017-03-06T05:45:32Z","NA","NA",365,"visualization",0
"366","https://www.seek.com.au/job/32960276","Data Scientist/ Data Analytics Consultant","SKL","Brisbane","2017-03-06T05:45:32Z","NA","NA",366,"Hadoop",0
"367","https://www.seek.com.au/job/32960276","Data Scientist/ Data Analytics Consultant","SKL","Brisbane","2017-03-06T05:45:32Z","NA","NA",367,"Java",1
"368","https://www.seek.com.au/job/32960276","Data Scientist/ Data Analytics Consultant","SKL","Brisbane","2017-03-06T05:45:32Z","NA","NA",368,"research",0
"369","https://www.seek.com.au/job/32960276","Data Scientist/ Data Analytics Consultant","SKL","Brisbane","2017-03-06T05:45:32Z","NA","NA",369,"creative",0
"370","https://www.seek.com.au/job/32960276","Data Scientist/ Data Analytics Consultant","SKL","Brisbane","2017-03-06T05:45:32Z","NA","NA",370,"MATLAB",0
"371","https://www.seek.com.au/job/32960276","Data Scientist/ Data Analytics Consultant","SKL","Brisbane","2017-03-06T05:45:32Z","NA","NA",371,"SAS",0
"372","https://www.seek.com.au/job/32960276","Data Scientist/ Data Analytics Consultant","SKL","Brisbane","2017-03-06T05:45:32Z","NA","NA",372," R ",0
"373","https://www.seek.com.au/job/32960276","Data Scientist/ Data Analytics Consultant","SKL","Brisbane","2017-03-06T05:45:32Z","NA","NA",373,"Modelling",0
"374","https://www.seek.com.au/job/32960276","Data Scientist/ Data Analytics Consultant","SKL","Brisbane","2017-03-06T05:45:32Z","NA","NA",374,"Phd",0
"375","https://www.seek.com.au/job/32960180","Senior Data Analyst/Data Scientist","Readify","Melbourne","2017-03-06T05:39:00Z","NA","NA",375,"Python",1
"376","https://www.seek.com.au/job/32960180","Senior Data Analyst/Data Scientist","Readify","Melbourne","2017-03-06T05:39:00Z","NA","NA",376,"programming",0
"377","https://www.seek.com.au/job/32960180","Senior Data Analyst/Data Scientist","Readify","Melbourne","2017-03-06T05:39:00Z","NA","NA",377,"analytics",4
"378","https://www.seek.com.au/job/32960180","Senior Data Analyst/Data Scientist","Readify","Melbourne","2017-03-06T05:39:00Z","NA","NA",378,"mathematics",0
"379","https://www.seek.com.au/job/32960180","Senior Data Analyst/Data Scientist","Readify","Melbourne","2017-03-06T05:39:00Z","NA","NA",379,"machine learning",0
"380","https://www.seek.com.au/job/32960180","Senior Data Analyst/Data Scientist","Readify","Melbourne","2017-03-06T05:39:00Z","NA","NA",380,"team",7
"381","https://www.seek.com.au/job/32960180","Senior Data Analyst/Data Scientist","Readify","Melbourne","2017-03-06T05:39:00Z","NA","NA",381,"Cooperation",0
"382","https://www.seek.com.au/job/32960180","Senior Data Analyst/Data Scientist","Readify","Melbourne","2017-03-06T05:39:00Z","NA","NA",382,"statistics",1
"383","https://www.seek.com.au/job/32960180","Senior Data Analyst/Data Scientist","Readify","Melbourne","2017-03-06T05:39:00Z","NA","NA",383,"SQL",8
"384","https://www.seek.com.au/job/32960180","Senior Data Analyst/Data Scientist","Readify","Melbourne","2017-03-06T05:39:00Z","NA","NA",384,"communication",0
"385","https://www.seek.com.au/job/32960180","Senior Data Analyst/Data Scientist","Readify","Melbourne","2017-03-06T05:39:00Z","NA","NA",385,"big data",2
"386","https://www.seek.com.au/job/32960180","Senior Data Analyst/Data Scientist","Readify","Melbourne","2017-03-06T05:39:00Z","NA","NA",386,"design",2
"387","https://www.seek.com.au/job/32960180","Senior Data Analyst/Data Scientist","Readify","Melbourne","2017-03-06T05:39:00Z","NA","NA",387,"visualization",0
"388","https://www.seek.com.au/job/32960180","Senior Data Analyst/Data Scientist","Readify","Melbourne","2017-03-06T05:39:00Z","NA","NA",388,"Hadoop",1
"389","https://www.seek.com.au/job/32960180","Senior Data Analyst/Data Scientist","Readify","Melbourne","2017-03-06T05:39:00Z","NA","NA",389,"Java",1
"390","https://www.seek.com.au/job/32960180","Senior Data Analyst/Data Scientist","Readify","Melbourne","2017-03-06T05:39:00Z","NA","NA",390,"research",0
"391","https://www.seek.com.au/job/32960180","Senior Data Analyst/Data Scientist","Readify","Melbourne","2017-03-06T05:39:00Z","NA","NA",391,"creative",0
"392","https://www.seek.com.au/job/32960180","Senior Data Analyst/Data Scientist","Readify","Melbourne","2017-03-06T05:39:00Z","NA","NA",392,"MATLAB",0
"393","https://www.seek.com.au/job/32960180","Senior Data Analyst/Data Scientist","Readify","Melbourne","2017-03-06T05:39:00Z","NA","NA",393,"SAS",1
"394","https://www.seek.com.au/job/32960180","Senior Data Analyst/Data Scientist","Readify","Melbourne","2017-03-06T05:39:00Z","NA","NA",394," R ",1
"395","https://www.seek.com.au/job/32960180","Senior Data Analyst/Data Scientist","Readify","Melbourne","2017-03-06T05:39:00Z","NA","NA",395,"Modelling",1
"396","https://www.seek.com.au/job/32960180","Senior Data Analyst/Data Scientist","Readify","Melbourne","2017-03-06T05:39:00Z","NA","NA",396,"Phd",0
"397","https://www.seek.com.au/job/32960181","Senior Data Analyst/Data Scientist","Readify","Brisbane","2017-03-06T05:39:00Z","NA","NA",397,"Python",1
"398","https://www.seek.com.au/job/32960181","Senior Data Analyst/Data Scientist","Readify","Brisbane","2017-03-06T05:39:00Z","NA","NA",398,"programming",0
"399","https://www.seek.com.au/job/32960181","Senior Data Analyst/Data Scientist","Readify","Brisbane","2017-03-06T05:39:00Z","NA","NA",399,"analytics",4
"400","https://www.seek.com.au/job/32960181","Senior Data Analyst/Data Scientist","Readify","Brisbane","2017-03-06T05:39:00Z","NA","NA",400,"mathematics",0
"401","https://www.seek.com.au/job/32960181","Senior Data Analyst/Data Scientist","Readify","Brisbane","2017-03-06T05:39:00Z","NA","NA",401,"machine learning",0
"402","https://www.seek.com.au/job/32960181","Senior Data Analyst/Data Scientist","Readify","Brisbane","2017-03-06T05:39:00Z","NA","NA",402,"team",7
"403","https://www.seek.com.au/job/32960181","Senior Data Analyst/Data Scientist","Readify","Brisbane","2017-03-06T05:39:00Z","NA","NA",403,"Cooperation",0
"404","https://www.seek.com.au/job/32960181","Senior Data Analyst/Data Scientist","Readify","Brisbane","2017-03-06T05:39:00Z","NA","NA",404,"statistics",1
"405","https://www.seek.com.au/job/32960181","Senior Data Analyst/Data Scientist","Readify","Brisbane","2017-03-06T05:39:00Z","NA","NA",405,"SQL",8
"406","https://www.seek.com.au/job/32960181","Senior Data Analyst/Data Scientist","Readify","Brisbane","2017-03-06T05:39:00Z","NA","NA",406,"communication",0
"407","https://www.seek.com.au/job/32960181","Senior Data Analyst/Data Scientist","Readify","Brisbane","2017-03-06T05:39:00Z","NA","NA",407,"big data",2
"408","https://www.seek.com.au/job/32960181","Senior Data Analyst/Data Scientist","Readify","Brisbane","2017-03-06T05:39:00Z","NA","NA",408,"design",2
"409","https://www.seek.com.au/job/32960181","Senior Data Analyst/Data Scientist","Readify","Brisbane","2017-03-06T05:39:00Z","NA","NA",409,"visualization",0
"410","https://www.seek.com.au/job/32960181","Senior Data Analyst/Data Scientist","Readify","Brisbane","2017-03-06T05:39:00Z","NA","NA",410,"Hadoop",1
"411","https://www.seek.com.au/job/32960181","Senior Data Analyst/Data Scientist","Readify","Brisbane","2017-03-06T05:39:00Z","NA","NA",411,"Java",1
"412","https://www.seek.com.au/job/32960181","Senior Data Analyst/Data Scientist","Readify","Brisbane","2017-03-06T05:39:00Z","NA","NA",412,"research",0
"413","https://www.seek.com.au/job/32960181","Senior Data Analyst/Data Scientist","Readify","Brisbane","2017-03-06T05:39:00Z","NA","NA",413,"creative",0
"414","https://www.seek.com.au/job/32960181","Senior Data Analyst/Data Scientist","Readify","Brisbane","2017-03-06T05:39:00Z","NA","NA",414,"MATLAB",0
"415","https://www.seek.com.au/job/32960181","Senior Data Analyst/Data Scientist","Readify","Brisbane","2017-03-06T05:39:00Z","NA","NA",415,"SAS",1
"416","https://www.seek.com.au/job/32960181","Senior Data Analyst/Data Scientist","Readify","Brisbane","2017-03-06T05:39:00Z","NA","NA",416," R ",1
"417","https://www.seek.com.au/job/32960181","Senior Data Analyst/Data Scientist","Readify","Brisbane","2017-03-06T05:39:00Z","NA","NA",417,"Modelling",1
"418","https://www.seek.com.au/job/32960181","Senior Data Analyst/Data Scientist","Readify","Brisbane","2017-03-06T05:39:00Z","NA","NA",418,"Phd",0
"419","https://www.seek.com.au/job/32960179","Senior Data Analyst/Data Scientist","Readify","Perth","2017-03-06T05:39:00Z","NA","NA",419,"Python",0
"420","https://www.seek.com.au/job/32960179","Senior Data Analyst/Data Scientist","Readify","Perth","2017-03-06T05:39:00Z","NA","NA",420,"programming",0
"421","https://www.seek.com.au/job/32960179","Senior Data Analyst/Data Scientist","Readify","Perth","2017-03-06T05:39:00Z","NA","NA",421,"analytics",3
"422","https://www.seek.com.au/job/32960179","Senior Data Analyst/Data Scientist","Readify","Perth","2017-03-06T05:39:00Z","NA","NA",422,"mathematics",0
"423","https://www.seek.com.au/job/32960179","Senior Data Analyst/Data Scientist","Readify","Perth","2017-03-06T05:39:00Z","NA","NA",423,"machine learning",0
"424","https://www.seek.com.au/job/32960179","Senior Data Analyst/Data Scientist","Readify","Perth","2017-03-06T05:39:00Z","NA","NA",424,"team",4
"425","https://www.seek.com.au/job/32960179","Senior Data Analyst/Data Scientist","Readify","Perth","2017-03-06T05:39:00Z","NA","NA",425,"Cooperation",0
"426","https://www.seek.com.au/job/32960179","Senior Data Analyst/Data Scientist","Readify","Perth","2017-03-06T05:39:00Z","NA","NA",426,"statistics",0
"427","https://www.seek.com.au/job/32960179","Senior Data Analyst/Data Scientist","Readify","Perth","2017-03-06T05:39:00Z","NA","NA",427,"SQL",5
"428","https://www.seek.com.au/job/32960179","Senior Data Analyst/Data Scientist","Readify","Perth","2017-03-06T05:39:00Z","NA","NA",428,"communication",0
"429","https://www.seek.com.au/job/32960179","Senior Data Analyst/Data Scientist","Readify","Perth","2017-03-06T05:39:00Z","NA","NA",429,"big data",2
"430","https://www.seek.com.au/job/32960179","Senior Data Analyst/Data Scientist","Readify","Perth","2017-03-06T05:39:00Z","NA","NA",430,"design",2
"431","https://www.seek.com.au/job/32960179","Senior Data Analyst/Data Scientist","Readify","Perth","2017-03-06T05:39:00Z","NA","NA",431,"visualization",0
"432","https://www.seek.com.au/job/32960179","Senior Data Analyst/Data Scientist","Readify","Perth","2017-03-06T05:39:00Z","NA","NA",432,"Hadoop",0
"433","https://www.seek.com.au/job/32960179","Senior Data Analyst/Data Scientist","Readify","Perth","2017-03-06T05:39:00Z","NA","NA",433,"Java",1
"434","https://www.seek.com.au/job/32960179","Senior Data Analyst/Data Scientist","Readify","Perth","2017-03-06T05:39:00Z","NA","NA",434,"research",0
"435","https://www.seek.com.au/job/32960179","Senior Data Analyst/Data Scientist","Readify","Perth","2017-03-06T05:39:00Z","NA","NA",435,"creative",0
"436","https://www.seek.com.au/job/32960179","Senior Data Analyst/Data Scientist","Readify","Perth","2017-03-06T05:39:00Z","NA","NA",436,"MATLAB",0
"437","https://www.seek.com.au/job/32960179","Senior Data Analyst/Data Scientist","Readify","Perth","2017-03-06T05:39:00Z","NA","NA",437,"SAS",0
"438","https://www.seek.com.au/job/32960179","Senior Data Analyst/Data Scientist","Readify","Perth","2017-03-06T05:39:00Z","NA","NA",438," R ",0
"439","https://www.seek.com.au/job/32960179","Senior Data Analyst/Data Scientist","Readify","Perth","2017-03-06T05:39:00Z","NA","NA",439,"Modelling",0
"440","https://www.seek.com.au/job/32960179","Senior Data Analyst/Data Scientist","Readify","Perth","2017-03-06T05:39:00Z","NA","NA",440,"Phd",0
